{
  "feed": {
    "author": {
      "name": {
        "label": "iTunes Store"
      },
      "uri": {
        "label": "http://www.apple.com/itunes/"
      }
    },
    "entry": [
      {
        "im:name": {
          "label": "We're the Millers (2013)"
        },
        "rights": {
          "label": "© 2013 Warner Bros. Pictures"
        },
        "im:image": [
          {
            "label": "http://a146.phobos.apple.com/us/r30/Video4/v4/71/b6/c5/71b6c54a-40cd-917a-5618-a8f51edbea97/ticket.xiorzfyo.60x60-50.jpg",
            "attributes": {
              "height": "60"
            }
          },
          {
            "label": "http://a146.phobos.apple.com/us/r30/Video4/v4/71/b6/c5/71b6c54a-40cd-917a-5618-a8f51edbea97/ticket.xiorzfyo.60x60-50.jpg",
            "attributes": {
              "height": "60"
            }
          },
          {
            "label": "http://a817.phobos.apple.com/us/r30/Video4/v4/71/b6/c5/71b6c54a-40cd-917a-5618-a8f51edbea97/ticket.xiorzfyo.170x170-75.jpg",
            "attributes": {
              "height": "170"
            }
          }
        ],
        "summary": {
          "label": "David Clark is a small-time pot dealer who likes to keep a low profile. His clientele includes chefs and soccer moms, but no kids. He learns the hard way that no good deed goes unpunished when he tries to help out some local teens and winds up getting jumped by a trio of gutter punks. Stealing his stash and his cash, they leave him in major debt to his supplier, Brad. In order to wipe the slate clean—and maintain a clean bill of health—David must now become a big-time drug smuggler by bringing Brad's latest shipment in from Mexico. Twisting the arms of his neighbors, cynical stripper Rose and wannabe customer Kenny, and the tatted-and-pierced streetwise teen Casey, he devises a foolproof plan. One fake wife, two pretend kids and a huge, shiny RV later, the \"Millers\" are headed south of the border for a Fourth of July weekend that is sure to end with a bang."
        },
        "im:rentalPrice": {
          "label": "$3.99",
          "attributes": {
            "amount": "3.99000",
            "currency": "USD"
          }
        },
        "im:price": {
          "label": "$12.99",
          "attributes": {
            "amount": "12.99000",
            "currency": "USD"
          }
        },
        "im:contentType": {
          "attributes": {
            "term": "Movie",
            "label": "Movie"
          }
        },
        "title": {
          "label": "We're the Millers (2013) - Rawson Marshall Thurber"
        },
        "link": [
          {
            "attributes": {
              "rel": "alternate",
              "type": "text/html",
              "href": "https://itunes.apple.com/us/movie/were-the-millers-2013/id687505681?uo=2"
            }
          },
          {
            "im:duration": {
              "label": "147856.0"
            },
            "attributes": {
              "title": "Preview",
              "rel": "enclosure",
              "type": "video/x-m4v",
              "href": "http://a1804.v.phobos.apple.com/us/r1000/008/Video6/v4/f7/55/12/f7551231-a586-7bd7-200c-e35997ea51b4/mzvf_5987337815233144101.640x356.h264lc.D2.p.m4v",
              "im:assetType": "preview"
            }
          }
        ],
        "id": {
          "label": "https://itunes.apple.com/us/movie/were-the-millers-2013/id687505681?uo=2",
          "attributes": {
            "im:id": "687505681"
          }
        },
        "im:artist": {
          "label": "Rawson Marshall Thurber"
        },
        "category": {
          "attributes": {
            "im:id": "4404",
            "term": "Comedy",
            "scheme": "https://itunes.apple.com/us/genre/movies-comedy/id4404?uo=2",
            "label": "Comedy"
          }
        },
        "im:releaseDate": {
          "label": "2013-08-07T00:00:00-07:00",
          "attributes": {
            "label": "August 7, 2013"
          }
        }
      },
      {
        "im:name": {
          "label": "Elysium"
        },
        "rights": {
          "label": "© 2013 MRC II Distribution Company L.P. All Rights Reserved."
        },
        "im:image": [
          {
            "label": "http://a181.phobos.apple.com/us/r30/Video1/v4/be/ab/60/beab60b9-d7ea-5446-0b56-15e245472325/ELYSIUM_2013_TH_EXTRAS_US-WW-artwork.60x60-50.jpg",
            "attributes": {
              "height": "60"
            }
          },
          {
            "label": "http://a181.phobos.apple.com/us/r30/Video1/v4/be/ab/60/beab60b9-d7ea-5446-0b56-15e245472325/ELYSIUM_2013_TH_EXTRAS_US-WW-artwork.60x60-50.jpg",
            "attributes": {
              "height": "60"
            }
          },
          {
            "label": "http://a1732.phobos.apple.com/us/r30/Video1/v4/be/ab/60/beab60b9-d7ea-5446-0b56-15e245472325/ELYSIUM_2013_TH_EXTRAS_US-WW-artwork.170x170-75.jpg",
            "attributes": {
              "height": "170"
            }
          }
        ],
        "summary": {
          "label": "In the year 2159, two classes of people exist: the very wealthy, who live on a pristine man-made space station called Elysium, and the rest, who live on an overpopulated, ruined Earth. Secretary Delacourt (Jodie Foster) will stop at nothing to preserve the luxurious lifestyle of the citizens of Elysium – but that doesn’t stop the people of Earth from trying to get in by any means they can. Max (Matt Damon) agrees to take on a life-threatening mission, one that could bring equality to these polarized worlds."
        },
        "im:rentalPrice": {
          "label": "$3.99",
          "attributes": {
            "amount": "3.99000",
            "currency": "USD"
          }
        },
        "im:price": {
          "label": "$17.99",
          "attributes": {
            "amount": "17.99000",
            "currency": "USD"
          }
        },
        "im:contentType": {
          "attributes": {
            "term": "Movie",
            "label": "Movie"
          }
        },
        "title": {
          "label": "Elysium - Neill Blomkamp"
        },
        "link": [
          {
            "attributes": {
              "rel": "alternate",
              "type": "text/html",
              "href": "https://itunes.apple.com/us/movie/elysium/id686619568?uo=2"
            }
          },
          {
            "im:duration": {
              "label": "125417.0"
            },
            "attributes": {
              "title": "Preview",
              "rel": "enclosure",
              "type": "video/x-m4v",
              "href": "http://a482.v.phobos.apple.com/us/r1000/050/Video6/v4/23/34/eb/2334eba2-8721-74e4-1cd0-47ea732e46dc/mzvf_6034488698585076880.640x352.h264lc.D2.p.m4v",
              "im:assetType": "preview"
            }
          }
        ],
        "id": {
          "label": "https://itunes.apple.com/us/movie/elysium/id686619568?uo=2",
          "attributes": {
            "im:id": "686619568"
          }
        },
        "im:artist": {
          "label": "Neill Blomkamp"
        },
        "category": {
          "attributes": {
            "im:id": "4401",
            "term": "Action & Adventure",
            "scheme": "https://itunes.apple.com/us/genre/movies-action-adventure/id4401?uo=2",
            "label": "Action & Adventure"
          }
        },
        "im:releaseDate": {
          "label": "2013-08-07T00:00:00-07:00",
          "attributes": {
            "label": "August 7, 2013"
          }
        }
      },
      {
        "im:name": {
          "label": "The Lone Ranger"
        },
        "rights": {
          "label": "© 2013 Disney Enterprises, Inc. and Jerry Bruckheimer, Inc."
        },
        "im:image": [
          {
            "label": "http://a927.phobos.apple.com/us/r30/Video4/v4/a3/ad/96/a3ad966d-4f67-58b6-9257-6d55452c8063/ticket.dxnwnwgl.60x60-50.jpg",
            "attributes": {
              "height": "60"
            }
          },
          {
            "label": "http://a927.phobos.apple.com/us/r30/Video4/v4/a3/ad/96/a3ad966d-4f67-58b6-9257-6d55452c8063/ticket.dxnwnwgl.60x60-50.jpg",
            "attributes": {
              "height": "60"
            }
          },
          {
            "label": "http://a1214.phobos.apple.com/us/r30/Video4/v4/a3/ad/96/a3ad966d-4f67-58b6-9257-6d55452c8063/ticket.dxnwnwgl.170x170-75.jpg",
            "attributes": {
              "height": "170"
            }
          }
        ],
        "summary": {
          "label": "From Disney/Jerry Bruckheimer Films and Director Gore Verbinski (Pirates Of The Caribbean franchise) come Johnny Depp and Armie Hammer in The Lone Ranger. Filled with action and excitement, this thrilling adventure brings the famed masked hero to life through brand-new eyes. Native American warrior Tonto (Depp) recounts the untold tales that transformed John Reid (Hammer), a man of the law, into a legend of justice. It’s a runaway train of epic surprises and humorous friction, as these two unlikely heroes must learn to work together and fight against greed and corruption."
        },
        "im:rentalPrice": {
          "label": "$4.99",
          "attributes": {
            "amount": "4.99000",
            "currency": "USD"
          }
        },
        "im:price": {
          "label": "$19.99",
          "attributes": {
            "amount": "19.99000",
            "currency": "USD"
          }
        },
        "im:contentType": {
          "attributes": {
            "term": "Movie",
            "label": "Movie"
          }
        },
        "title": {
          "label": "The Lone Ranger - Gore Verbinski"
        },
        "link": [
          {
            "attributes": {
              "rel": "alternate",
              "type": "text/html",
              "href": "https://itunes.apple.com/us/movie/the-lone-ranger/id665452552?uo=2"
            }
          },
          {
            "im:duration": {
              "label": "62062.0"
            },
            "attributes": {
              "title": "Preview",
              "rel": "enclosure",
              "type": "video/x-m4v",
              "href": "http://a1737.v.phobos.apple.com/us/r1000/029/Video4/v4/1c/ff/76/1cff763b-9f8e-595d-c03f-65f4b7aa452e/mzvf_463817252960617258.640x354.h264lc.D2.p.m4v",
              "im:assetType": "preview"
            }
          }
        ],
        "id": {
          "label": "https://itunes.apple.com/us/movie/the-lone-ranger/id665452552?uo=2",
          "attributes": {
            "im:id": "665452552"
          }
        },
        "im:artist": {
          "label": "Gore Verbinski"
        },
        "category": {
          "attributes": {
            "im:id": "4401",
            "term": "Action & Adventure",
            "scheme": "https://itunes.apple.com/us/genre/movies-action-adventure/id4401?uo=2",
            "label": "Action & Adventure"
          }
        },
        "im:releaseDate": {
          "label": "2013-07-03T00:00:00-07:00",
          "attributes": {
            "label": "July 3, 2013"
          }
        }
      },
      {
        "im:name": {
          "label": "The Family (2013)"
        },
        "rights": {
          "label": "© 2012 EuropaCorp. TF1 Films Production. Grive Productions. All Rights Reserved."
        },
        "im:image": [
          {
            "label": "http://a1369.phobos.apple.com/us/r30/Video3/v4/99/52/cc/9952cc12-8174-94b4-f89b-8811a4b7926e/THE_FAMILY_2013.60x60-50.jpg",
            "attributes": {
              "height": "60"
            }
          },
          {
            "label": "http://a1369.phobos.apple.com/us/r30/Video3/v4/99/52/cc/9952cc12-8174-94b4-f89b-8811a4b7926e/THE_FAMILY_2013.60x60-50.jpg",
            "attributes": {
              "height": "60"
            }
          },
          {
            "label": "http://a56.phobos.apple.com/us/r30/Video3/v4/99/52/cc/9952cc12-8174-94b4-f89b-8811a4b7926e/THE_FAMILY_2013.170x170-75.jpg",
            "attributes": {
              "height": "170"
            }
          }
        ],
        "summary": {
          "label": "When a Mafia boss and his family are relocated to a sleepy town in France after snitching on the mob, they can’t help resorting to old habits by handling their problems the “family” way."
        },
        "im:rentalPrice": {
          "label": "$4.99",
          "attributes": {
            "amount": "4.99000",
            "currency": "USD"
          }
        },
        "im:price": {
          "label": "$14.99",
          "attributes": {
            "amount": "14.99000",
            "currency": "USD"
          }
        },
        "im:contentType": {
          "attributes": {
            "term": "Movie",
            "label": "Movie"
          }
        },
        "title": {
          "label": "The Family (2013) - Luc Besson"
        },
        "link": [
          {
            "attributes": {
              "rel": "alternate",
              "type": "text/html",
              "href": "https://itunes.apple.com/us/movie/the-family-2013/id729220090?uo=2"
            }
          },
          {
            "im:duration": {
              "label": "63480.0"
            },
            "attributes": {
              "title": "Preview",
              "rel": "enclosure",
              "type": "video/x-m4v",
              "href": "http://a1142.v.phobos.apple.com/us/r1000/024/Video6/v4/84/08/fe/8408fe27-45f9-eebf-678d-4883b4c129d4/mzvf_3122961322595921335.640x360.h264lc.D2.p.m4v",
              "im:assetType": "preview"
            }
          }
        ],
        "id": {
          "label": "https://itunes.apple.com/us/movie/the-family-2013/id729220090?uo=2",
          "attributes": {
            "im:id": "729220090"
          }
        },
        "im:artist": {
          "label": "Luc Besson"
        },
        "category": {
          "attributes": {
            "im:id": "4401",
            "term": "Action & Adventure",
            "scheme": "https://itunes.apple.com/us/genre/movies-action-adventure/id4401?uo=2",
            "label": "Action & Adventure"
          }
        },
        "im:releaseDate": {
          "label": "2013-09-13T00:00:00-07:00",
          "attributes": {
            "label": "September 13, 2013"
          }
        }
      },
      {
        "im:name": {
          "label": "Percy Jackson: Sea of Monsters"
        },
        "rights": {
          "label": "© 2013 Twentieth Century Fox Film Corporation. All rights reserved."
        },
        "im:image": [
          {
            "label": "http://a1578.phobos.apple.com/us/r30/Video4/v4/bf/f9/e0/bff9e09c-563b-0077-84f3-64be54ca0dd6/mza_2665095415484396234.60x60-50.jpg",
            "attributes": {
              "height": "60"
            }
          },
          {
            "label": "http://a1578.phobos.apple.com/us/r30/Video4/v4/bf/f9/e0/bff9e09c-563b-0077-84f3-64be54ca0dd6/mza_2665095415484396234.60x60-50.jpg",
            "attributes": {
              "height": "60"
            }
          },
          {
            "label": "http://a1273.phobos.apple.com/us/r30/Video4/v4/bf/f9/e0/bff9e09c-563b-0077-84f3-64be54ca0dd6/mza_2665095415484396234.170x170-75.jpg",
            "attributes": {
              "height": "170"
            }
          }
        ],
        "summary": {
          "label": "The magical, mythical adventures of teenager Percy Jackson — the half-human son of Poseidon — continue in this heroic, action-packed thrill ride! Out to prove he’s not just a “one-quest wonder,” Percy and his demigod friends embark on an epic journey to the treacherous Sea of Monsters in order to find the fabled Golden Fleece, which has the power to save their world...and save us all!"
        },
        "im:rentalPrice": {
          "label": "$4.99",
          "attributes": {
            "amount": "4.99000",
            "currency": "USD"
          }
        },
        "im:price": {
          "label": "$14.99",
          "attributes": {
            "amount": "14.99000",
            "currency": "USD"
          }
        },
        "im:contentType": {
          "attributes": {
            "term": "Movie",
            "label": "Movie"
          }
        },
        "title": {
          "label": "Percy Jackson: Sea of Monsters - Thor Freudenthal"
        },
        "link": [
          {
            "attributes": {
              "rel": "alternate",
              "type": "text/html",
              "href": "https://itunes.apple.com/us/movie/percy-jackson-sea-of-monsters/id704994304?uo=2"
            }
          },
          {
            "im:duration": {
              "label": "140766.0"
            },
            "attributes": {
              "title": "Preview",
              "rel": "enclosure",
              "type": "video/x-m4v",
              "href": "http://a1042.v.phobos.apple.com/us/r1000/009/Video/v4/88/65/ce/8865ce8b-d368-b1be-a967-fceabeacb729/mzvf_3899972616399578985.640x352.h264lc.D2.p.m4v",
              "im:assetType": "preview"
            }
          }
        ],
        "id": {
          "label": "https://itunes.apple.com/us/movie/percy-jackson-sea-of-monsters/id704994304?uo=2",
          "attributes": {
            "im:id": "704994304"
          }
        },
        "im:artist": {
          "label": "Thor Freudenthal"
        },
        "category": {
          "attributes": {
            "im:id": "4413",
            "term": "Sci-Fi & Fantasy",
            "scheme": "https://itunes.apple.com/us/genre/movies-sci-fi-fantasy/id4413?uo=2",
            "label": "Sci-Fi & Fantasy"
          }
        },
        "im:releaseDate": {
          "label": "2013-08-07T00:00:00-07:00",
          "attributes": {
            "label": "August 7, 2013"
          }
        }
      },
      {
        "im:name": {
          "label": "The Heat (Unrated)"
        },
        "rights": {
          "label": "© 2013 Twentieth Century Fox Film Corporation. All rights reserved."
        },
        "im:image": [
          {
            "label": "http://a1637.phobos.apple.com/us/r30/Video/v4/d3/45/78/d3457851-f609-f630-9513-35adf8667efb/mza_7032014984668496794.60x60-50.jpg",
            "attributes": {
              "height": "60"
            }
          },
          {
            "label": "http://a1637.phobos.apple.com/us/r30/Video/v4/d3/45/78/d3457851-f609-f630-9513-35adf8667efb/mza_7032014984668496794.60x60-50.jpg",
            "attributes": {
              "height": "60"
            }
          },
          {
            "label": "http://a916.phobos.apple.com/us/r30/Video/v4/d3/45/78/d3457851-f609-f630-9513-35adf8667efb/mza_7032014984668496794.170x170-75.jpg",
            "attributes": {
              "height": "170"
            }
          }
        ],
        "summary": {
          "label": "You have the right to remain laughing when Sandra Bullock and Melissa McCarthy team up in the outrageously funny unrated version of this comedy from the director of Bridesmaids, Paul Feig. FBI Special Agent Sarah Ashburn and Boston cop Shannon Mullins couldn't be more incompatible. But when they join forces to bring down a ruthless drug lord, they become the last thing anyone expected...buddies."
        },
        "im:rentalPrice": {
          "label": "$4.99",
          "attributes": {
            "amount": "4.99000",
            "currency": "USD"
          }
        },
        "im:price": {
          "label": "$12.99",
          "attributes": {
            "amount": "12.99000",
            "currency": "USD"
          }
        },
        "im:contentType": {
          "attributes": {
            "term": "Movie",
            "label": "Movie"
          }
        },
        "title": {
          "label": "The Heat (Unrated) - Paul Feig"
        },
        "link": [
          {
            "attributes": {
              "rel": "alternate",
              "type": "text/html",
              "href": "https://itunes.apple.com/us/movie/the-heat-unrated/id704527561?uo=2"
            }
          },
          {
            "im:duration": {
              "label": "122456.0"
            },
            "attributes": {
              "title": "Preview",
              "rel": "enclosure",
              "type": "video/x-m4v",
              "href": "http://a1146.v.phobos.apple.com/us/r1000/001/Video6/v4/d9/98/13/d998138d-5e8d-750e-d0bb-93d743177bee/mzvf_384712345371753413.640x350.h264lc.D2.p.m4v",
              "im:assetType": "preview"
            }
          }
        ],
        "id": {
          "label": "https://itunes.apple.com/us/movie/the-heat-unrated/id704527561?uo=2",
          "attributes": {
            "im:id": "704527561"
          }
        },
        "im:artist": {
          "label": "Paul Feig"
        },
        "category": {
          "attributes": {
            "im:id": "4404",
            "term": "Comedy",
            "scheme": "https://itunes.apple.com/us/genre/movies-comedy/id4404?uo=2",
            "label": "Comedy"
          }
        },
        "im:releaseDate": {
          "label": "2013-10-01T00:00:00-07:00",
          "attributes": {
            "label": "October 1, 2013"
          }
        }
      },
      {
        "im:name": {
          "label": "Man of Steel (2013)"
        },
        "im:image": [
          {
            "label": "http://a1856.phobos.apple.com/us/r30/Video6/v4/00/5b/f9/005bf939-272d-aaf3-af57-605505d68487/mza_637886889651437942.60x60-50.jpg",
            "attributes": {
              "height": "60"
            }
          },
          {
            "label": "http://a1856.phobos.apple.com/us/r30/Video6/v4/00/5b/f9/005bf939-272d-aaf3-af57-605505d68487/mza_637886889651437942.60x60-50.jpg",
            "attributes": {
              "height": "60"
            }
          },
          {
            "label": "http://a431.phobos.apple.com/us/r30/Video6/v4/00/5b/f9/005bf939-272d-aaf3-af57-605505d68487/mza_637886889651437942.170x170-75.jpg",
            "attributes": {
              "height": "170"
            }
          }
        ],
        "summary": {
          "label": "From Warner Bros. Pictures and Legendary Pictures comes Man of Steel starring Henry Cavill in the role of Clark Kent/Superman, under the direction of Zack Snyder. A young boy learns that he has extraordinary powers and is not of this earth. As a young man, he journeys to discover where he came from and what he was sent here to do. But the hero in him must emerge if he is to save the world from annihilation and become the symbol of hope for all mankind."
        },
        "im:rentalPrice": {
          "label": "$3.99",
          "attributes": {
            "amount": "3.99000",
            "currency": "USD"
          }
        },
        "im:price": {
          "label": "$12.99",
          "attributes": {
            "amount": "12.99000",
            "currency": "USD"
          }
        },
        "im:contentType": {
          "attributes": {
            "term": "Movie",
            "label": "Movie"
          }
        },
        "title": {
          "label": "Man of Steel (2013) - Zack Snyder"
        },
        "link": [
          {
            "attributes": {
              "rel": "alternate",
              "type": "text/html",
              "href": "https://itunes.apple.com/us/movie/man-of-steel-2013/id684580963?uo=2"
            }
          },
          {
            "im:duration": {
              "label": "184768.0"
            },
            "attributes": {
              "title": "Preview",
              "rel": "enclosure",
              "type": "video/x-m4v",
              "href": "http://a1404.v.phobos.apple.com/us/r1000/045/Video6/v4/2e/6f/c1/2e6fc1b3-1f4f-66e8-39b2-0914a36a2811/mzvf_4915892594692619099.640x354.h264lc.D2.p.m4v",
              "im:assetType": "preview"
            }
          }
        ],
        "id": {
          "label": "https://itunes.apple.com/us/movie/man-of-steel-2013/id684580963?uo=2",
          "attributes": {
            "im:id": "684580963"
          }
        },
        "im:artist": {
          "label": "Zack Snyder"
        },
        "category": {
          "attributes": {
            "im:id": "4401",
            "term": "Action & Adventure",
            "scheme": "https://itunes.apple.com/us/genre/movies-action-adventure/id4401?uo=2",
            "label": "Action & Adventure"
          }
        },
        "im:releaseDate": {
          "label": "2013-06-14T00:00:00-07:00",
          "attributes": {
            "label": "June 14, 2013"
          }
        }
      },
      {
        "im:name": {
          "label": "2 Guns"
        },
        "rights": {
          "label": "© 2013 Universal Studios. All Rights Reserved."
        },
        "im:image": [
          {
            "label": "http://a1754.phobos.apple.com/us/r30/Video4/v4/b3/0f/c9/b30fc95d-1e79-5314-1e12-a8aba768077e/mza_970092173451108138.60x60-50.jpg",
            "attributes": {
              "height": "60"
            }
          },
          {
            "label": "http://a1754.phobos.apple.com/us/r30/Video4/v4/b3/0f/c9/b30fc95d-1e79-5314-1e12-a8aba768077e/mza_970092173451108138.60x60-50.jpg",
            "attributes": {
              "height": "60"
            }
          },
          {
            "label": "http://a761.phobos.apple.com/us/r30/Video4/v4/b3/0f/c9/b30fc95d-1e79-5314-1e12-a8aba768077e/mza_970092173451108138.170x170-75.jpg",
            "attributes": {
              "height": "170"
            }
          }
        ],
        "summary": {
          "label": "Academy Award® winner Denzel Washington and Mark Wahlberg lead an all-star cast in the explosive action hit 2 Guns. When an attempt to take down a drug cartel blows up in their faces, two undercover operatives are forced to go on the run together, though neither knows that the other is a federal agent. Suddenly, everyone on both sides of the law wants them dead, and their only hope is to trust each other. Filled with non-stop action and suspense, critics are raving “Washington and Wahlberg are at their very best.” – Pete Hammond, Movieline"
        },
        "im:rentalPrice": {
          "label": "$4.99",
          "attributes": {
            "amount": "4.99000",
            "currency": "USD"
          }
        },
        "im:price": {
          "label": "$12.99",
          "attributes": {
            "amount": "12.99000",
            "currency": "USD"
          }
        },
        "im:contentType": {
          "attributes": {
            "term": "Movie",
            "label": "Movie"
          }
        },
        "title": {
          "label": "2 Guns - Baltasar Kormákur"
        },
        "link": [
          {
            "attributes": {
              "rel": "alternate",
              "type": "text/html",
              "href": "https://itunes.apple.com/us/movie/2-guns/id693060747?uo=2"
            }
          },
          {
            "im:duration": {
              "label": "147898.0"
            },
            "attributes": {
              "title": "Preview",
              "rel": "enclosure",
              "type": "video/x-m4v",
              "href": "http://a276.v.phobos.apple.com/us/r1000/029/Video4/v4/ec/29/b8/ec29b81b-ab7e-4abb-4431-9d662e0d5182/mzvf_648243695183894372.640x354.h264lc.D2.p.m4v",
              "im:assetType": "preview"
            }
          }
        ],
        "id": {
          "label": "https://itunes.apple.com/us/movie/2-guns/id693060747?uo=2",
          "attributes": {
            "im:id": "693060747"
          }
        },
        "im:artist": {
          "label": "Baltasar Kormákur"
        },
        "category": {
          "attributes": {
            "im:id": "4401",
            "term": "Action & Adventure",
            "scheme": "https://itunes.apple.com/us/genre/movies-action-adventure/id4401?uo=2",
            "label": "Action & Adventure"
          }
        },
        "im:releaseDate": {
          "label": "2013-08-02T00:00:00-07:00",
          "attributes": {
            "label": "August 2, 2013"
          }
        }
      },
      {
        "im:name": {
          "label": "Fast & Furious 6 (Extended Edition)"
        },
        "rights": {
          "label": "© 2013 Universal Studios. All Rights Reserved."
        },
        "im:image": [
          {
            "label": "http://a1363.phobos.apple.com/us/r30/Video4/v4/18/e3/fe/18e3fe39-e4e3-b29e-1bd8-11f351544812/mza_1701997783302618689.60x60-50.jpg",
            "attributes": {
              "height": "60"
            }
          },
          {
            "label": "http://a1363.phobos.apple.com/us/r30/Video4/v4/18/e3/fe/18e3fe39-e4e3-b29e-1bd8-11f351544812/mza_1701997783302618689.60x60-50.jpg",
            "attributes": {
              "height": "60"
            }
          },
          {
            "label": "http://a1282.phobos.apple.com/us/r30/Video4/v4/18/e3/fe/18e3fe39-e4e3-b29e-1bd8-11f351544812/mza_1701997783302618689.170x170-75.jpg",
            "attributes": {
              "height": "170"
            }
          }
        ],
        "summary": {
          "label": "Vin Diesel, Paul Walker, Dwayne Johnson and Michelle Rodriguez lead a cast of returning all-stars as the global blockbuster franchise built on speed delivers the biggest adrenaline rush yet in this explosive extended version. Hobbs (Johnson) has been tracking an organization of lethally skilled drivers, whose mastermind (Luke Evans) is aided by the love Dom (Diesel) thought was dead, Letty (Rodriguez). The only way to stop the criminal mercenaries from stealing a top secret weapon is to outmatch them at street level, so Hobbs asks for the help of Dom and his elite team. Payment for the ultimate chase? Full pardons for all of them and a chance to make their families whole again."
        },
        "im:rentalPrice": {
          "label": "$4.99",
          "attributes": {
            "amount": "4.99000",
            "currency": "USD"
          }
        },
        "im:price": {
          "label": "$17.99",
          "attributes": {
            "amount": "17.99000",
            "currency": "USD"
          }
        },
        "im:contentType": {
          "attributes": {
            "term": "Movie",
            "label": "Movie"
          }
        },
        "title": {
          "label": "Fast & Furious 6 (Extended Edition) - Justin Lin"
        },
        "link": [
          {
            "attributes": {
              "rel": "alternate",
              "type": "text/html",
              "href": "https://itunes.apple.com/us/movie/fast-furious-6-extended-edition/id651300992?uo=2"
            }
          },
          {
            "im:duration": {
              "label": "149149.0"
            },
            "attributes": {
              "title": "Preview",
              "rel": "enclosure",
              "type": "video/x-m4v",
              "href": "http://a598.v.phobos.apple.com/us/r1000/019/Video/v4/4d/21/d1/4d21d1e2-c605-f676-22ed-df7e78827ee0/mzvf_2800185081672244235.640x348.h264lc.D2.p.m4v",
              "im:assetType": "preview"
            }
          }
        ],
        "id": {
          "label": "https://itunes.apple.com/us/movie/fast-furious-6-extended-edition/id651300992?uo=2",
          "attributes": {
            "im:id": "651300992"
          }
        },
        "im:artist": {
          "label": "Justin Lin"
        },
        "category": {
          "attributes": {
            "im:id": "4401",
            "term": "Action & Adventure",
            "scheme": "https://itunes.apple.com/us/genre/movies-action-adventure/id4401?uo=2",
            "label": "Action & Adventure"
          }
        },
        "im:releaseDate": {
          "label": "2013-05-24T00:00:00-07:00",
          "attributes": {
            "label": "May 24, 2013"
          }
        }
      },
      {
        "im:name": {
          "label": "Pacific Rim"
        },
        "rights": {
          "label": "© 2013 Warner Bros. Entertainment Inc. and Legendary."
        },
        "im:image": [
          {
            "label": "http://a1165.phobos.apple.com/us/r30/Video1/v4/41/c9/b1/41c9b152-93e3-63b7-3303-d3d640d8c3b2/poster.60x60-50.jpg",
            "attributes": {
              "height": "60"
            }
          },
          {
            "label": "http://a1165.phobos.apple.com/us/r30/Video1/v4/41/c9/b1/41c9b152-93e3-63b7-3303-d3d640d8c3b2/poster.60x60-50.jpg",
            "attributes": {
              "height": "60"
            }
          },
          {
            "label": "http://a1196.phobos.apple.com/us/r30/Video1/v4/41/c9/b1/41c9b152-93e3-63b7-3303-d3d640d8c3b2/poster.170x170-75.jpg",
            "attributes": {
              "height": "170"
            }
          }
        ],
        "summary": {
          "label": "Acclaimed filmmaker Guillermo del Toro (Pan's Labyrinth) brings out the big guns in this sci-fi action epic about a ragtag band of humans that band together in the year 2025 to fight legions of monstrous creatures rising from the sea. Using massive piloted robots to combat the alien threat, earth's survivors (including Charlie Hunnam, Charlie Day, and Rinko Kikuchi) take the fight to the invading alien force lurking in the depths of the Pacific Ocean. Nearly defenseless in the face of the relentless enemy, the forces of mankind have no choice but to turn to two unlikely heroes—a washed up former pilot and an untested trainee—who now stand as earth's final hope against the mounting apocalypse."
        },
        "im:rentalPrice": {
          "label": "$3.99",
          "attributes": {
            "amount": "3.99000",
            "currency": "USD"
          }
        },
        "im:price": {
          "label": "$9.99",
          "attributes": {
            "amount": "9.99000",
            "currency": "USD"
          }
        },
        "im:contentType": {
          "attributes": {
            "term": "Movie",
            "label": "Movie"
          }
        },
        "title": {
          "label": "Pacific Rim - Guillermo del Toro"
        },
        "link": [
          {
            "attributes": {
              "rel": "alternate",
              "type": "text/html",
              "href": "https://itunes.apple.com/us/movie/pacific-rim/id694686367?uo=2"
            }
          },
          {
            "im:duration": {
              "label": "146939.0"
            },
            "attributes": {
              "title": "Preview",
              "rel": "enclosure",
              "type": "video/x-m4v",
              "href": "http://a999.v.phobos.apple.com/us/r1000/042/Video4/v4/cc/52/bb/cc52bbe1-362c-8b15-a03e-70fcae61076a/mzvf_2798369291367661676.640x478.h264lc.D2.p.m4v",
              "im:assetType": "preview"
            }
          }
        ],
        "id": {
          "label": "https://itunes.apple.com/us/movie/pacific-rim/id694686367?uo=2",
          "attributes": {
            "im:id": "694686367"
          }
        },
        "im:artist": {
          "label": "Guillermo del Toro"
        },
        "category": {
          "attributes": {
            "im:id": "4401",
            "term": "Action & Adventure",
            "scheme": "https://itunes.apple.com/us/genre/movies-action-adventure/id4401?uo=2",
            "label": "Action & Adventure"
          }
        },
        "im:releaseDate": {
          "label": "2013-07-12T00:00:00-07:00",
          "attributes": {
            "label": "July 12, 2013"
          }
        }
      }
    ],
    "updated": {
      "label": "2014-01-02T18:19:39-07:00"
    },
    "rights": {
      "label": "Copyright 2008 Apple Inc."
    },
    "title": {
      "label": "iTunes Store: Top Movies in Action & Adventure"
    },
    "icon": {
      "label": "http://itunes.apple.com/favicon.ico"
    },
    "link": [
      {
        "attributes": {
          "rel": "alternate",
          "type": "text/html",
          "href": "https://itunes.apple.com/WebObjects/MZStore.woa/wa/viewTop?cc=us&id=22024&popId=15"
        }
      },
      {
        "attributes": {
          "rel": "self",
          "href": "https://itunes.apple.com/us/rss/topmovies/limit=10/genre=4401/json"
        }
      }
    ],
    "id": {
      "label": "https://itunes.apple.com/us/rss/topmovies/limit=10/genre=4401/json"
    }
  }
}